City Id,City,Cloudiness,Country,Date,Humidity,lattitude,long,Max temp,Wind Speed
1,busselton,0,AU,1632186142,55,-33.65,115.3333,59.2,11.59
2,punta arenas,100,CL,1632186143,79,-53.15,-70.9167,48.88,16.13
3,qaanaaq,64,GL,1632186144,71,77.484,-69.3632,13.46,9.53
4,rikitea,15,PF,1632186145,76,-23.1203,-134.9692,73.99,11.61
5,yellowknife,100,CA,1632186071,73,62.456,-114.3525,44.11,4.18
6,albany,100,US,1632185954,84,42.6001,-73.9662,63.21,4.63
7,caravelas,5,BR,1632185872,84,-17.7125,-39.2481,72.05,4.41
8,avera,100,US,1632186146,97,33.194,-82.5271,74.71,10.65
9,jamestown,95,US,1632186051,91,42.097,-79.2353,69.12,12.19
10,lompoc,1,US,1632186146,64,34.6391,-120.4579,82.54,10.36
11,montbrison,92,FR,1632186147,96,45.6667,4.0833,57.54,5.75
12,saint-philippe,100,RE,1632186147,72,-21.3585,55.7679,65.79,12.12
13,carnarvon,0,AU,1632186148,33,-24.8667,113.6333,75.96,20.85
14,burnie,100,AU,1632186148,56,-41.0667,145.9167,50.79,11.7
15,tasiilaq,97,GL,1632186149,78,65.6145,-37.6368,37.56,9.13
16,port alfred,97,ZA,1632186149,57,-33.5906,26.891,59.27,24.83
17,yuancheng,0,CN,1632186150,29,36.652,107.7896,67.35,4.88
18,east london,9,ZA,1632186150,55,-33.0153,27.9116,57.63,25.72
19,husavik,100,IS,1632186150,86,66.0449,-17.3389,41.16,11.41
20,isangel,3,VU,1632186134,55,-19.55,169.2667,77.23,12.62
21,hoogeveen,68,NL,1632186151,70,52.6833,6.5833,49.91,0.49
22,thanh hoa,13,VN,1632186151,87,19.8,105.7667,79.81,3.89
23,esperance,0,AU,1632185852,58,-33.8667,121.9,51.64,13.42
24,prince rupert,90,CA,1632186152,94,54.3161,-130.3201,57.29,19.57
25,arraial do cabo,87,BR,1632186153,90,-22.9661,-42.0278,71.31,26.04
26,carballo,52,ES,1632186153,96,43.213,-8.691,58.69,2.57
27,phan thiet,100,VN,1632186153,80,10.9333,108.1,79.63,5.01
28,dikson,97,RU,1632186154,76,73.5069,80.5464,34.99,11.1
29,aasiaat,100,GL,1632185925,94,68.7098,-52.8699,28.74,5.3
30,norman wells,95,CA,1632186155,53,65.282,-126.8329,53.87,12.95
31,new norfolk,100,AU,1632186155,58,-42.7826,147.0587,49.5,8.93
32,ushuaia,100,AR,1632186101,96,-54.8,-68.3,40.77,6.73
33,bredasdorp,16,ZA,1632186156,73,-34.5322,20.0403,46.09,4.18
34,koping,100,SE,1632186156,79,59.514,15.9926,46.85,3.22
35,puerto ayora,40,EC,1632186156,83,-0.7393,-90.3518,68.09,10.4
36,itarema,36,BR,1632186157,81,-2.9248,-39.9167,78.53,14.92
37,bambous virieux,20,MU,1632185927,68,-20.3428,57.7575,68.25,14.97
38,vaini,96,TO,1632186157,76,-21.2,-175.2,71.92,21.03
39,airai,46,TL,1632186158,31,-8.9266,125.4092,73.47,5.84
40,abha,1,SA,1632186158,32,18.2164,42.5053,66.07,7.63
41,yining,0,CN,1632186158,61,29.0361,114.5636,77.14,2.15
42,lerwick,100,GB,1632186159,79,60.1545,-1.1494,53.6,21.92
43,cururupu,67,BR,1632186160,87,-1.8283,-44.8683,75.38,4.14
44,ninghai,41,CN,1632186160,85,29.2892,121.4247,78.55,2.59
45,jining,0,CN,1632186160,75,35.405,116.5814,72.5,8.28
46,alamos,100,MX,1632186161,84,27.0167,-108.9333,78.58,2.26
47,kangaatsiaq,100,GL,1632186161,88,68.3065,-53.4641,32.63,7.18
48,yar-sale,100,RU,1632186161,98,66.8333,70.8333,37.76,12.97
49,hearst,100,CA,1632186162,73,49.6835,-83.6665,70.03,13.91
50,bluff,100,NZ,1632186162,90,-46.6,168.3333,47.43,18.48
51,hobart,75,AU,1632186008,53,-42.8794,147.3294,49.86,12.66
52,tuktoyaktuk,90,CA,1632186163,87,69.4541,-133.0374,39.2,16.11
53,ancud,0,CL,1632186163,85,-41.8697,-73.8203,43.57,6.44
54,khani,7,GE,1632186164,76,41.9563,42.9566,53.17,6.2
55,blind river,100,CA,1632186164,84,46.1834,-82.9582,71.71,14.79
56,nongan,100,CN,1632186164,97,44.382,125.1685,57.42,13.2
57,thompson,100,CA,1632186165,80,55.7435,-97.8558,44.33,7.65
58,vardo,34,NO,1632186165,73,70.3705,31.1107,42.15,26.44
59,cape town,25,ZA,1632186011,64,-33.9258,18.4232,53.92,10.16
60,barrow,75,US,1632186166,69,71.2906,-156.7887,33.82,16.11
61,broome,1,US,1632186166,72,42.2506,-75.833,65.17,6.91
62,calama,9,CL,1632186016,24,-22.4667,-68.9333,55.24,3.24
63,ayan,1,RU,1632186167,47,56.45,138.1667,49.1,15.5
64,kericho,4,KE,1632186167,92,-0.3677,35.2831,52.0,4.32
65,karratha,100,AU,1632186168,24,-20.7377,116.8463,81.3,30.24
66,caranan,96,PH,1632186168,75,13.5167,123.0156,82.27,0.69
67,sambava,78,MG,1632186169,77,-14.2667,50.1667,70.45,11.01
68,bom jesus,61,BR,1632185983,20,-9.0744,-44.3586,79.75,2.89
69,baruun-urt,98,MN,1632186071,72,46.6806,113.2792,56.3,4.21
70,iskateley,100,RU,1632186169,84,67.6803,53.1512,40.01,12.95
71,dingle,100,PH,1632186170,84,10.9995,122.6711,80.4,2.86
72,dryden,90,CA,1632186050,93,49.7833,-92.7503,52.09,6.91
73,north bend,1,US,1632186170,72,43.4065,-124.2243,62.51,19.57
74,butaritari,43,KI,1632186171,70,3.0707,172.7902,83.16,13.56
75,hurricane,0,US,1632186075,15,37.1753,-113.2899,82.74,11.95
76,bonavista,5,CA,1632185883,66,48.6499,-53.1147,35.6,19.17
77,coquimbo,0,CL,1632185952,82,-29.9533,-71.3436,55.13,3.44
78,iqaluit,100,CA,1632186172,88,63.7506,-68.5145,29.7,10.89
79,manggar,94,ID,1632186172,68,-2.8833,108.2667,83.68,12.33
80,coro,96,VE,1632186173,87,11.4045,-69.6734,80.69,13.85
81,saskylakh,100,RU,1632186174,91,71.9167,114.0833,32.9,5.91
82,harper,12,LR,1632186174,89,4.375,-7.7169,76.05,7.29
83,bethel,4,US,1632185936,79,41.3712,-73.414,61.63,4.25
84,seoul,90,KR,1632186173,88,37.5683,126.9778,72.84,6.91
85,snezhnogorsk,37,RU,1632186175,89,69.1933,33.2531,28.18,10.2
86,goderich,100,CA,1632186175,88,43.7501,-81.7165,69.31,17.0
87,chuy,92,UY,1632186176,89,-33.6971,-53.4616,56.03,16.53
88,alta floresta,98,BR,1632186176,31,-9.8756,-56.0861,84.88,1.45
89,hasaki,99,JP,1632186176,62,35.7333,140.8333,75.6,7.45
90,yelizovo,75,RU,1632186177,44,53.1873,158.3805,57.34,20.13
91,nishihara,20,JP,1632186177,70,26.1842,127.7558,85.28,3.44
92,kichera,95,RU,1632186178,64,55.9375,110.0997,57.11,2.89
93,opuwo,0,NA,1632186178,27,-18.0607,13.84,68.63,6.13
94,haapiti,3,PF,1632186178,71,-17.5667,-149.8667,83.93,13.87
95,ilulissat,90,GL,1632186179,74,69.2167,-51.1,28.42,21.85
96,kruisfontein,81,ZA,1632186179,68,-34.0033,24.7314,53.96,15.73
97,arlit,0,NE,1632186180,10,18.7369,7.3853,90.45,12.48
98,nikolskoye,98,RU,1632186180,81,59.7035,30.7861,42.69,6.76
99,avarua,75,CK,1632186180,83,-21.2078,-159.775,77.05,5.75
100,victoria,93,HK,1632186099,75,22.2855,114.1577,86.05,1.88
101,moyamba,100,SL,1632186181,98,8.1667,-12.4333,73.53,1.79
102,luderitz,0,NA,1632186182,60,-26.6481,15.1594,58.1,15.48
103,codrington,95,AU,1632186182,64,-38.2667,141.9667,52.29,16.55
104,nalut,0,LY,1632186182,18,30.3333,10.85,81.37,5.66
105,namatanai,100,PG,1632186183,67,-3.6667,152.4333,84.58,4.29
106,ribeira grande,0,PT,1632186183,73,38.5167,-28.7,70.75,13.22
107,bati,34,ET,1632186184,39,11.1833,40.0167,68.16,5.64
108,longyearbyen,75,SJ,1632186184,93,78.2186,15.6401,40.84,0.0
109,carutapera,31,BR,1632186185,79,-1.195,-46.02,78.13,7.23
110,kodiak,12,US,1632186185,64,57.79,-152.4072,52.63,17.07
111,nanortalik,2,GL,1632186186,71,60.1432,-45.2371,37.33,12.97
112,hermanus,34,ZA,1632186186,67,-34.4187,19.2345,51.69,6.91
113,laguna,1,US,1632186186,15,38.421,-121.4238,91.38,3.44
114,avanigadda,100,IN,1632186187,90,16.0215,80.9181,77.14,4.18
115,mar del plata,0,AR,1632186187,78,-38.0023,-57.5575,47.93,14.18
116,eyl,12,SO,1632186138,81,7.9803,49.8164,76.06,15.82
117,mount gambier,98,AU,1632186188,60,-37.8333,140.7667,51.98,10.69
118,sao filipe,99,CV,1632186188,84,14.8961,-24.4956,80.15,6.93
119,mahebourg,23,MU,1632186189,64,-20.4081,57.7,68.74,13.91
120,hambantota,40,LK,1632186189,100,6.1241,81.1185,77.34,5.75
121,havre-saint-pierre,94,CA,1632186189,76,50.2334,-63.5986,50.95,7.65
122,haines junction,100,CA,1632186190,90,60.7522,-137.5108,44.56,2.91
123,half moon bay,1,US,1632186190,28,37.4636,-122.4286,89.42,14.97
124,vanimo,100,PG,1632185932,67,-2.6741,141.3028,85.1,5.01
125,clyde river,92,CA,1632186191,71,70.4692,-68.5914,29.44,6.93
126,fatsa,0,TR,1632186191,59,41.0278,37.5014,64.2,7.61
127,port elizabeth,72,ZA,1632186192,59,-33.918,25.5701,59.13,15.99
128,renigunta,40,IN,1632186192,74,13.65,79.5167,80.58,3.44
129,isla mujeres,31,MX,1632186192,81,21.2311,-86.731,84.25,11.16
130,tiksi,100,RU,1632186193,72,71.6872,128.8694,35.76,8.52
131,karasjok,8,NO,1632186193,90,69.4719,25.5112,39.31,12.66
132,takoradi,28,GH,1632186194,93,4.8845,-1.7554,75.67,7.83
133,talnakh,100,RU,1632186194,77,69.4865,88.3972,33.22,2.55
134,bone,100,DE,1632186194,65,51.9669,12.1396,50.67,4.63
135,chernyshevsk,91,RU,1632186195,69,52.5243,117.0174,55.35,2.55
136,jalingo,100,NG,1632186195,91,8.8833,11.3667,74.97,1.83
137,aswan,16,EG,1632186196,16,24.0934,32.907,87.19,8.63
138,lima,60,PE,1632186097,80,-12.0432,-77.0282,60.78,8.57
139,champerico,100,GT,1632185906,79,14.3,-91.9167,84.74,5.95
140,redlands,0,US,1632185953,24,34.0556,-117.1825,87.19,4.43
141,kapaa,75,US,1632186197,74,22.0752,-159.319,84.18,12.66
142,takanabe,100,JP,1632186197,94,32.1333,131.5,74.25,4.03
143,cabo san lucas,40,MX,1632186198,78,22.8909,-109.9124,83.5,3.44
144,baie-saint-paul,0,CA,1632186198,72,47.4411,-70.4986,58.44,4.63
145,bathsheba,20,BB,1632186199,69,13.2167,-59.5167,83.01,8.05
146,angoche,4,MZ,1632186199,70,-16.2325,39.9086,67.77,3.49
147,dicabisagan,74,PH,1632186200,66,17.0818,122.4157,86.0,3.74
148,popondetta,68,PG,1632186200,50,-8.7537,148.2534,89.67,3.83
149,zharkent,69,KZ,1632186200,36,44.1628,80.0,55.26,4.34
150,viedma,0,AR,1632186201,47,-40.8135,-62.9967,47.12,8.16
151,port hardy,100,CA,1632186201,93,50.6996,-127.4199,53.31,14.67
152,hithadhoo,100,MV,1632186202,73,-0.6,73.0833,83.39,11.7
153,zyryanka,89,RU,1632186202,78,65.75,150.85,31.69,14.97
154,namibe,9,AO,1632186203,85,-15.1961,12.1522,60.93,2.91
155,bima,80,ID,1632186203,47,-8.4667,118.7167,88.86,3.2
156,doha,0,QA,1632186125,43,25.2867,51.5333,89.58,4.61
157,fairbanks,75,US,1632186204,52,64.8378,-147.7164,39.16,6.91
158,chadiza,0,ZM,1632186204,33,-14.0678,32.4392,59.63,2.98
159,adrar,0,MR,1632186205,24,20.5022,-10.0711,89.19,17.65
160,katsuura,87,JP,1632186205,65,35.1333,140.3,73.51,10.31
161,hibbing,90,US,1632186206,87,47.4272,-92.9377,53.2,19.57
162,narsaq,0,GL,1632186206,58,60.9167,-46.05,34.02,4.92
163,madimba,56,TZ,1632186207,89,-10.4,40.3333,70.52,4.74
164,chokurdakh,93,RU,1632186207,56,70.6333,147.9167,32.67,9.71
165,port lincoln,100,AU,1632186050,60,-34.7333,135.8667,54.37,12.71
166,gorom-gorom,93,BF,1632186208,43,14.4439,-0.2361,87.37,12.01
167,roald,90,NO,1632186076,76,62.5833,6.1333,55.54,23.02
168,manzanillo,72,CU,1632186027,70,20.3433,-77.1167,80.91,7.9
169,kaura namoda,100,NG,1632186208,63,12.5898,6.5779,78.67,7.85
170,kutum,100,SD,1632186209,43,14.2,24.6667,76.96,3.15
171,fortuna,20,US,1632185926,59,40.5982,-124.1573,65.32,9.22
172,imbituba,77,BR,1632186145,98,-28.24,-48.6703,68.05,4.65
173,matagami,100,CA,1632186075,48,49.7502,-77.6328,63.79,12.1
174,grand gaube,61,MU,1632186210,67,-20.0064,57.6608,70.12,20.13
175,khatanga,100,RU,1632186210,97,71.9667,102.5,32.4,2.26
176,ciudad del maiz,92,MX,1632186211,90,22.4,-99.6,68.97,4.65
177,zhezkazgan,6,KZ,1632185951,49,47.8043,67.7144,42.03,8.59
178,moerai,1,PF,1632186211,78,-22.4333,-151.3333,74.91,11.41
179,torbay,6,CA,1632186050,70,47.6666,-52.7314,45.99,21.14
180,atuona,0,PF,1632186212,71,-9.8,-139.0333,77.88,19.91
181,mataura,100,NZ,1632186212,77,-46.1927,168.8643,52.59,4.59
182,cidreira,97,BR,1632186213,97,-30.1811,-50.2056,67.32,2.77
183,hamilton,100,US,1632185957,96,39.1834,-84.5333,70.57,6.76
184,atar,0,MR,1632186213,29,20.5169,-13.0499,89.73,13.49
185,bure,24,ET,1632186214,91,10.7,37.0667,54.97,3.74
186,nanyuki,4,KE,1632186214,77,0.0167,37.0728,56.68,5.44
187,upernavik,87,GL,1632186215,81,72.7868,-56.1549,25.56,3.0
188,batagay-alyta,100,RU,1632186215,69,67.8006,130.4114,35.73,3.42
189,inhambane,6,MZ,1632186216,80,-23.865,35.3833,67.06,10.22
190,geraldton,0,AU,1632186216,30,-28.7667,114.6,70.21,21.85
191,san quintin,0,MX,1632186217,71,30.4833,-115.95,71.17,7.78
192,lagoa,0,PT,1632186217,71,39.05,-27.9833,69.4,9.06
193,sirumugai,29,IN,1632186217,82,11.3333,77.0167,76.57,3.49
194,kulhudhuffushi,100,MV,1632185922,76,6.6221,73.07,82.38,9.89
195,faanui,5,PF,1632186218,72,-16.4833,-151.75,78.31,12.03
196,platanos,13,GR,1632186218,81,37.6667,21.6167,68.65,2.98
197,west lafayette,32,US,1632185965,92,40.4259,-86.9081,73.62,16.11
198,olafsvik,100,IS,1632186219,70,64.8945,-23.7142,44.58,4.52
199,rumonge,26,BI,1632186220,58,-3.9736,29.4386,75.25,4.36
200,waddan,0,LY,1632186220,22,29.1614,16.139,83.98,12.64
201,georgetown,20,MY,1632186164,89,5.4112,100.3354,80.53,0.0
202,polonnaruwa,64,LK,1632186221,82,7.9333,81.0,76.95,5.41
203,yantzaza,82,EC,1632186221,98,-3.8278,-78.7594,66.4,1.54
204,mayor pablo lagerenza,95,PY,1632186221,26,-19.9309,-60.7718,91.09,5.28
205,souillac,6,MU,1632186222,64,-20.5167,57.5167,67.96,12.39
206,quelimane,0,MZ,1632185979,94,-17.8786,36.8883,60.75,0.0
207,yerofey pavlovich,7,RU,1632186222,76,53.9667,121.9667,55.71,2.55
208,vestmannaeyjar,100,IS,1632186223,72,63.4427,-20.2734,48.94,9.66
209,alofi,75,NU,1632186178,94,-19.0595,-169.9187,75.09,10.36
210,aksu,0,CN,1632186223,30,41.1231,80.2644,68.94,1.95
211,sur,1,OM,1632186224,67,22.5667,59.5289,83.86,6.87
212,jacareacanga,66,BR,1632186224,59,-6.2222,-57.7528,79.72,2.59
213,tukrah,0,LY,1632186224,34,32.5341,20.5791,82.13,3.87
214,kushmurun,8,KZ,1632186225,73,52.4503,64.6311,37.24,7.63
215,praia da vitoria,10,PT,1632186225,81,38.7333,-27.0667,68.79,12.95
216,ozorkow,100,PL,1632186226,58,51.9634,19.2914,36.21,7.54
217,castro,18,BR,1632186111,53,-24.7911,-50.0119,70.77,2.73
218,hollins,90,US,1632186226,68,37.3413,-79.9431,73.78,9.22
219,taltal,77,CL,1632186022,79,-25.4,-70.4833,58.91,3.15
220,klaksvik,100,FO,1632186227,79,62.2266,-6.589,52.72,34.99
221,bodh gaya,75,IN,1632186227,89,24.7,84.9833,80.49,0.0
222,pallisa,12,UG,1632186228,95,1.145,33.7094,64.67,1.83
223,nemuro,65,JP,1632186191,81,43.3236,145.575,61.5,15.08
224,nanga eboko,100,CM,1632186228,99,4.6833,12.3667,68.59,2.08
225,emerald,5,AU,1632186229,17,-23.5333,148.1667,78.94,23.02
226,axim,60,GH,1632186229,93,4.8699,-2.2405,75.78,7.56
227,rio gallegos,0,AR,1632186229,50,-51.6226,-69.2181,55.45,9.22
228,san carlos de bariloche,0,AR,1632185999,45,-41.1456,-71.3082,42.55,3.44
229,tigil,100,RU,1632186230,83,57.8,158.6667,50.18,11.77
230,ailigandi,100,PA,1632186230,84,9.2333,-78.0167,80.85,5.46
231,lyamino,8,RU,1632186231,96,58.2839,57.725,29.39,1.59
232,sarreguemines,84,FR,1632186174,90,49.0833,7.3333,53.11,4.47
233,dubbo,75,AU,1632186216,57,-32.25,148.6167,48.33,20.71
234,aklavik,100,CA,1632186232,74,68.2191,-135.0107,38.73,15.05
235,henties bay,0,NA,1632186232,92,-22.116,14.2845,53.65,5.79
236,anyama,71,CI,1632186232,91,5.4946,-4.0518,76.01,3.87
237,la ronge,39,CA,1632186233,71,55.1001,-105.2842,48.96,5.35
238,hilo,75,US,1632186206,69,19.7297,-155.09,80.33,10.36
239,chapeco,2,BR,1632186078,77,-27.0964,-52.6183,69.42,1.81
240,pisco,4,PE,1632186234,82,-13.7,-76.2167,59.76,3.29
241,albury,40,AU,1632186004,62,-36.0833,146.9167,50.85,8.1
242,ouesso,11,CG,1632186234,88,1.6136,16.0517,71.65,1.99
243,dunedin,100,NZ,1632186063,76,-45.8742,170.5036,53.15,7.67
244,druzhba,100,UA,1632186235,95,52.0428,33.9453,42.66,10.25
245,ahipara,31,NZ,1632186235,64,-35.1667,173.1667,61.88,8.79
246,kefalos,0,GR,1632186236,88,36.7453,26.9589,73.62,0.0
247,kachiry,100,KZ,1632186236,86,53.0675,76.1036,39.4,11.48
248,ust-tsilma,100,RU,1632186237,96,65.441,52.1498,31.68,4.59
249,padang,40,ID,1632186237,83,-0.9492,100.3543,77.05,2.53
250,gueret,48,FR,1632186175,100,46.1667,1.8667,52.43,1.14
251,ostrovnoy,91,RU,1632186238,86,68.0531,39.5131,34.9,11.21
252,teya,100,RU,1632186238,94,60.3778,92.6267,36.23,4.97
253,karatau,11,KZ,1632186238,25,43.1667,70.4667,51.82,3.74
254,governador valadares,0,BR,1632186239,65,-18.8511,-41.9494,74.68,3.2
255,ballina,93,AU,1632186239,64,-28.8667,153.5667,64.69,11.23
256,merauke,100,ID,1632186240,76,-8.4667,140.3333,81.57,13.98
257,ucluelet,100,CA,1632186027,88,48.9329,-125.5528,55.49,4.47
258,latung,100,PH,1632186240,71,5.5,120.8833,81.91,3.67
259,algiers,20,DZ,1632186010,83,36.7525,3.042,71.42,2.3
260,varkaus,100,FI,1632186241,89,62.3153,27.873,33.91,4.45
261,tura,96,IN,1632186241,94,25.5198,90.2201,73.08,3.02
262,beruwala,54,LK,1632186242,85,6.4788,79.9828,78.42,5.12
263,ponta do sol,32,PT,1632186242,82,32.6667,-17.1,72.23,6.62
264,maragogi,18,BR,1632186243,75,-9.0122,-35.2225,73.99,6.44
265,bucerias,90,MX,1632186243,74,20.75,-105.3333,84.18,6.91
266,tocopilla,47,CL,1632186243,78,-22.092,-70.1979,60.44,2.75
267,tezu,61,IN,1632186244,76,27.9167,96.1667,78.71,0.76
268,hami,90,CN,1632186244,29,42.8,93.45,73.65,4.36
269,stykkisholmur,100,IS,1632186245,79,65.0757,-22.7297,44.1,2.98
270,mitsamiouli,8,KM,1632186245,79,-11.3847,43.2844,76.12,12.8
271,chumikan,0,RU,1632186246,45,54.7183,135.315,52.34,4.52
272,constitucion,0,CL,1632186246,78,-35.3333,-72.4167,51.42,8.14
273,ijui,61,BR,1632186144,91,-28.3878,-53.9147,71.58,11.9
274,mahina,20,PF,1632186247,61,-17.5065,-149.489,83.97,14.97
275,bhabua,57,IN,1632186247,88,25.05,83.6167,78.89,4.34
276,ketchikan,100,US,1632186247,98,55.3422,-131.6461,50.86,9.22
277,preili,100,LV,1632186248,98,56.2944,26.7246,39.25,9.62
278,santa maria,82,BR,1632186248,93,-29.6842,-53.8069,69.28,8.88
279,lorengau,99,PG,1632186249,79,-2.0226,147.2712,80.69,4.99
280,cap malheureux,48,MU,1632186249,67,-19.9842,57.6142,70.2,20.13
281,fort nelson,100,CA,1632186049,55,58.8053,-122.7002,55.78,8.43
282,concordia,100,AR,1632186250,76,-31.393,-58.0209,61.68,14.85
283,segezha,100,RU,1632186250,61,63.7415,34.3222,42.31,6.73
284,highland springs,40,US,1632186110,85,37.546,-77.3278,69.98,5.75
285,severo-kurilsk,14,RU,1632186251,75,50.6789,156.125,50.4,29.75
286,puerto escondido,75,MX,1632186251,57,15.85,-97.0667,81.43,0.0
287,los llanos de aridane,90,ES,1632186252,69,28.6585,-17.9182,71.35,11.5
288,baghdad,0,IQ,1632186003,29,33.3406,44.4009,83.84,10.13
289,chipata,3,ZM,1632186252,33,-13.6333,32.65,62.71,5.21
290,vestmanna,75,FO,1632186253,76,62.1564,-7.1664,50.92,34.52
291,salalah,65,OM,1632186018,88,17.0151,54.0924,78.13,6.38
292,pevek,93,RU,1632186253,75,69.7008,170.3133,28.4,1.43
293,luwingu,0,ZM,1632186254,44,-10.2621,29.9271,60.93,3.49
294,bandundu,10,CD,1632186254,75,-3.3167,17.3667,74.82,3.87
295,evensk,100,RU,1632186254,86,61.95,159.2333,45.34,18.14
296,arkhipo-osipovka,16,RU,1632186255,83,44.37,38.52,65.16,3.71
297,san patricio,0,US,1632186255,67,28.017,-97.5169,86.72,12.1
298,berlevag,40,NO,1632186256,74,70.8578,29.0864,40.1,26.8
299,solnechnyy,78,RU,1632186256,52,50.7214,136.6319,58.71,4.03
300,kandrian,99,PG,1632186256,73,-6.2167,149.55,82.78,8.79
301,kasama,0,ZM,1632186257,50,-10.2129,31.1808,61.25,2.26
302,katangli,0,RU,1632186257,57,51.7102,143.2326,57.85,6.93
303,quatre cocos,58,MU,1632186258,67,-20.2078,57.7625,68.43,15.05
304,saint george,1,US,1632186258,13,37.1041,-113.5841,84.67,13.8
305,dauphin,87,CA,1632186187,43,51.1494,-100.0502,56.08,10.2
306,manokwari,100,ID,1632186259,78,-0.8667,134.0833,80.46,6.33
307,paamiut,4,GL,1632186259,63,61.994,-49.6678,34.5,20.96
308,marrakesh,0,MA,1632186090,56,31.6315,-8.0083,71.67,3.44
309,japura,79,ID,1632186260,90,-0.3167,102.35,77.92,2.98
310,faya,0,SA,1632186260,32,18.3851,42.4509,63.12,6.85
311,mana,46,GF,1632186261,84,5.6592,-53.7767,79.38,8.84
312,kaitangata,100,NZ,1632186261,70,-46.2817,169.8464,54.73,2.01
313,honningsvag,40,NO,1632186262,69,70.9821,25.9704,42.24,32.48
314,datia,47,IN,1632186262,85,25.6667,78.4667,77.81,6.62
315,hofn,100,IS,1632186263,62,64.2539,-15.2082,48.51,10.25
316,cherskiy,57,RU,1632186263,53,68.75,161.3,33.42,6.93
317,drayton valley,43,CA,1632186063,52,53.2168,-114.9854,53.55,3.67
318,qianguo,100,CN,1632186264,96,45.1171,124.8568,56.88,14.47
319,leningradskiy,86,RU,1632186265,82,69.3833,178.4167,26.67,11.88
320,narasannapeta,97,IN,1632186266,85,18.4167,84.05,79.32,4.47
321,sitka,90,US,1632186266,77,57.0531,-135.33,57.09,13.8
322,santa luzia,1,BR,1632186266,76,-19.7697,-43.8514,76.1,5.21
323,la estancia,79,MX,1632186267,71,20.4167,-100.0667,63.82,1.03
324,chapais,95,CA,1632186267,57,49.7834,-74.8492,59.94,10.47
325,ouegoa,25,NC,1632186268,52,-20.35,164.4333,75.96,12.62
326,de aar,0,ZA,1632186268,69,-30.6497,24.0123,41.99,13.6
327,fort saint james,100,CA,1632186268,92,54.4333,-124.25,45.75,8.05
328,znamenskoye,100,RU,1632186269,94,57.1281,73.8282,35.73,9.62
329,banda aceh,93,ID,1632186269,75,5.5577,95.3222,80.6,12.41
330,kabo,53,CF,1632186270,96,7.6994,18.629,69.04,2.04
331,qaqortoq,0,GL,1632186270,65,60.7167,-46.0333,34.3,4.18
332,guerrero negro,0,MX,1632186271,62,27.9769,-114.0611,74.03,13.53
333,yuryev-polskiy,100,RU,1632186271,88,56.5,39.6833,39.49,17.96
334,high level,78,CA,1632186271,49,58.5169,-117.136,53.65,0.4
335,natal,0,BR,1632186272,78,-5.795,-35.2094,75.85,6.91
336,greenlaw,100,GB,1632186272,88,55.7068,-2.4624,52.0,9.89
337,pilar,57,BR,1632186273,87,-9.5972,-35.9567,71.53,2.44
338,camacha,40,PT,1632186114,68,33.0833,-16.3333,69.22,10.36
339,leeuwarden,90,NL,1632186273,82,53.2014,5.8086,57.2,3.44
340,howard springs,100,AU,1632186273,26,-12.497,131.047,85.91,12.8
341,sao luiz gonzaga,86,BR,1632186274,89,-28.4083,-54.9608,70.93,13.51
342,berberati,100,CF,1632186274,98,4.2612,15.7922,68.05,0.78
343,asau,98,RO,1632186275,92,46.4333,26.4,45.52,0.92
344,elizabeth city,1,US,1632186275,83,36.2946,-76.2511,75.25,8.05
345,marienburg,92,PL,1632186275,70,54.0359,19.0266,46.06,9.4
346,laurel,1,US,1632185997,77,39.0993,-76.8483,72.36,4.61
347,whitianga,0,NZ,1632186276,59,-36.8333,175.7,61.41,8.75
348,ginda,96,IN,1632186081,91,30.6945,78.4932,64.72,1.07
349,kuytun,52,RU,1632186277,80,54.3419,101.5036,40.48,6.55
350,kieta,100,PG,1632186277,77,-6.2167,155.6333,80.74,3.04
351,yeniseysk,100,RU,1632186277,96,58.4497,92.1703,36.63,7.27
352,marolambo,19,MG,1632186278,98,-20.05,48.1167,57.56,1.66
353,ipixuna,99,BR,1632186278,93,-1.7625,-48.8043,75.15,5.66
354,omsukchan,100,RU,1632186279,96,62.5333,155.8,38.89,7.67
355,biltine,10,TD,1632186279,60,14.5333,20.9167,81.55,4.97
356,gorin,35,RU,1632186280,54,51.1983,136.6669,59.34,4.79
357,juterbog,100,DE,1632186280,57,51.9833,13.0833,53.24,4.43
358,sumbawanga,0,TZ,1632186137,53,-7.9667,31.6167,60.8,2.51
359,bainbridge,40,US,1632186281,52,47.6262,-122.5212,69.67,5.75
360,anchorage,90,US,1632186215,68,61.2181,-149.9003,50.88,4.61
361,abu samrah,0,SY,1632186281,46,35.3029,37.1841,73.63,5.32
362,saint-francois,90,FR,1632186282,100,46.4154,3.9054,54.84,1.14
363,calvinia,1,ZA,1632186282,69,-31.4707,19.776,43.57,6.69
364,jasper,75,US,1632186283,54,37.2001,-94.3502,84.25,8.05
365,saint-joseph,100,RE,1632186283,72,-21.3667,55.6167,64.78,12.77
366,kincardine,100,GB,1632186043,95,56.0667,-3.7167,53.58,7.02
367,kavieng,100,PG,1632186283,68,-2.5744,150.7967,83.89,4.56
368,hovd,2,MN,1632186284,24,48.0056,91.6419,47.26,6.38
369,mozarlandia,6,BR,1632186284,17,-14.7447,-50.5706,85.42,3.91
370,kaeo,4,NZ,1632186285,62,-35.1,173.7833,62.33,8.16
371,klyuchevskiy,59,RU,1632186285,77,53.5317,119.4519,54.27,2.24
372,aksarka,100,RU,1632186285,97,66.5606,67.7975,37.62,10.92
373,saint-raphael,96,HT,1632186286,95,19.4333,-72.2,72.3,4.27
374,lieksa,100,FI,1632186287,88,63.3167,30.0167,34.57,7.76
375,kolyvan,100,RU,1632186287,91,55.3053,82.7391,38.82,9.73
376,mangai,9,CD,1632186287,77,-4.05,19.5333,71.01,1.19
377,provideniya,90,RU,1632186288,80,64.3833,-173.3,32.11,2.24
378,lixourion,13,GR,1632186288,78,38.2019,20.4314,74.89,3.47
379,toktogul,0,KG,1632186289,37,41.8708,72.9402,61.92,2.19
380,la vega,5,DO,1632186289,92,19.2221,-70.5296,74.43,2.53
381,mingyue,100,CN,1632186289,98,43.1069,128.9217,61.48,7.49
382,bunol,87,ES,1632186290,82,39.4167,-0.7833,64.62,3.27
383,tilichiki,100,RU,1632186290,86,60.4667,166.1,46.13,12.35
384,sao joao da barra,6,BR,1632186290,87,-21.6403,-41.0511,73.13,17.98
385,oranjestad,30,AW,1632186239,77,12.524,-70.027,83.07,17.27
386,sainthia,76,IN,1632186291,94,23.95,87.6667,75.94,8.37
387,lebu,0,CL,1632186291,88,-37.6167,-73.65,49.59,19.51
388,cockburn town,68,TC,1632186292,79,21.4612,-71.1419,82.92,19.13
389,camopi,88,GF,1632186292,98,3.1655,-52.3158,72.14,2.46
390,grindavik,90,IS,1632186293,87,63.8424,-22.4338,43.27,5.75
391,tadine,100,NC,1632186293,60,-21.55,167.8833,73.11,12.39
392,leshukonskoye,14,RU,1632186293,94,64.8989,45.7622,31.17,1.5
393,bo phloi,100,TH,1632186294,93,14.3236,99.5161,74.86,4.14
394,lososina,86,RU,1632186294,41,48.9975,140.3106,64.29,2.48
395,manacapuru,56,BR,1632186183,78,-3.2997,-60.6206,75.78,4.52
396,mandalgovi,0,MN,1632186295,65,45.7625,106.2708,55.29,7.61
397,cenade,96,RO,1632186295,86,46.0587,24.0089,47.91,3.02
398,shimoda,17,JP,1632186296,70,34.6667,138.95,74.7,15.21
399,nabire,100,ID,1632186296,93,-3.3667,135.4833,74.88,2.84
400,narrabri,29,AU,1632186297,31,-30.3167,149.7833,55.06,19.19
401,san cristobal,100,VE,1632186297,96,7.7669,-72.225,73.58,2.35
402,bad bramstedt,67,DE,1632186298,75,53.9167,9.8833,48.38,2.06
403,marawi,87,PH,1632186298,71,7.9986,124.2928,78.57,0.4
404,hays,7,US,1632186299,35,30.0502,-98.0336,89.44,8.12
405,kloulklubed,100,PW,1632186299,72,7.0419,134.2556,82.9,3.49
406,saldanha,100,ZA,1632186299,69,-33.0117,17.9442,53.73,15.57
407,asuncion,0,PY,1632186300,83,-25.3007,-57.6359,78.24,20.71
408,oistins,20,BB,1632186300,69,13.0667,-59.5333,82.49,8.05
409,hot springs,1,US,1632186301,61,34.5037,-93.0552,83.91,4.61
410,ercis,0,TR,1632186301,46,39.0287,43.3586,51.4,4.09
411,komsomolskiy,0,UZ,1632186302,28,40.4272,71.7189,58.42,2.82
412,kailua,75,US,1632186302,61,21.4022,-157.7394,89.58,12.66
413,nome,90,US,1632186304,56,64.5011,-165.4064,39.27,19.57
414,ixtapa,90,MX,1632186306,74,20.7,-105.2,83.43,6.91
415,te anau,100,NZ,1632186306,96,-45.4167,167.7167,44.56,3.56
416,srednekolymsk,24,RU,1632186306,51,67.45,153.6833,35.96,14.85
417,anloga,37,GH,1632186307,86,5.7947,0.8973,78.17,14.14
418,buchanan,100,LR,1632186307,87,5.8808,-10.0467,77.25,4.12
419,pangnirtung,100,CA,1632186206,70,66.1451,-65.7125,31.96,3.76
420,giyon,100,ET,1632186308,83,8.5333,37.9833,55.51,2.35
421,mainz,90,DE,1632186154,58,50.0,8.2711,55.89,4.61
422,zhanakorgan,4,KZ,1632186309,19,43.9098,67.2495,57.0,12.33
423,lukovetskiy,0,RU,1632186310,94,64.2956,41.9211,37.38,3.29
424,makokou,38,GA,1632186310,98,0.5738,12.8642,70.32,3.42
425,cabedelo,12,BR,1632186066,73,-6.9811,-34.8339,76.17,12.59
426,cermik,0,TR,1632186311,36,38.1361,39.4493,64.89,5.19
427,ugoofaaru,99,MV,1632186311,76,5.6667,73.0,82.06,10.65
428,sobolevo,100,RU,1632186312,97,54.4299,31.8996,42.49,10.58
429,pacifica,1,US,1632186188,24,37.6138,-122.4869,89.22,17.27
430,new london,1,US,1632186312,77,41.4834,-72.0662,64.22,4.61
431,urrao,100,CO,1632186313,98,6.3152,-76.1342,59.25,1.68
432,san carlos,40,VE,1632186313,94,9.6612,-68.5827,74.55,2.73
433,tungor,46,RU,1632186313,48,53.3808,142.9564,54.09,16.89
434,proletariy,100,RU,1632186314,79,58.4342,31.7046,41.36,9.22
435,nybro,100,SE,1632186314,80,56.7446,15.9071,41.81,3.13
436,pochutla,97,MX,1632186315,82,15.7432,-96.4661,79.65,4.32
437,cao bang,14,VN,1632186315,75,22.6667,106.25,81.46,1.23
438,wahiawa,100,US,1632186024,59,21.5028,-158.0236,77.63,13.09
439,mbigou,100,GA,1632186316,96,-1.9005,11.906,67.96,3.51
440,huarmey,22,PE,1632186316,84,-10.0681,-78.1522,62.28,10.22
441,homer,75,US,1632186317,51,59.6425,-151.5483,57.09,9.22
442,xining,0,CN,1632186317,35,36.6167,101.7667,52.74,2.26
443,prieska,0,ZA,1632186317,66,-29.6641,22.7474,46.35,11.79
444,nelson bay,100,AU,1632186318,60,-32.7167,152.15,59.05,21.54
445,richards bay,100,ZA,1632186318,76,-28.783,32.0377,66.49,15.93
446,yuxia,0,CN,1632186319,52,34.0615,108.6291,77.99,3.51
447,lithakia,3,GR,1632186319,78,37.7167,20.8333,69.17,2.13
448,monrovia,100,LR,1632186189,87,6.3005,-10.7969,77.77,5.91
449,billings,75,US,1632186320,35,45.7833,-108.5007,56.97,11.5
450,sault sainte marie,75,CA,1632186320,96,46.5168,-84.3333,66.76,12.66
451,bojnurd,0,IR,1632186320,34,37.4747,57.329,65.25,3.83
452,puksoozero,10,RU,1632186321,96,62.5903,40.6066,29.08,4.54
453,waingapu,74,ID,1632186321,58,-9.6567,120.2641,84.85,15.14
454,pestravka,100,RU,1632186322,54,52.405,49.9583,49.05,13.71
455,samoded,4,RU,1632186322,96,63.6083,40.5111,29.43,3.62
456,ust-nera,14,RU,1632186190,62,64.5667,143.2,35.46,5.44
457,kiunga,100,PG,1632186159,95,-6.1219,141.2906,75.92,1.79
458,tessalit,0,ML,1632186323,10,20.1986,1.0114,90.09,7.16
459,lubaczow,100,PL,1632186323,78,50.157,23.1234,43.93,13.2
460,coihaique,2,CL,1632186099,92,-45.5752,-72.0662,40.39,4.56
461,aleksandrovka,100,UA,1632186324,59,46.8383,32.7612,54.91,10.98
462,goroka,100,PG,1632186325,66,-6.0834,145.3873,72.57,2.28
463,buncrana,100,IE,1632186325,97,55.1333,-7.45,50.65,4.9
464,viamao,90,BR,1632186325,94,-30.0811,-51.0233,68.76,5.75
465,khasan,100,RU,1632186326,95,42.4308,130.6434,67.21,19.75
466,ascoli piceno,43,IT,1632186326,91,42.8548,13.5749,59.04,3.91
467,riyadh,0,SA,1632186325,18,24.6877,46.7219,77.14,5.57
468,ulladulla,46,AU,1632186327,54,-35.35,150.4667,55.35,18.66
469,piterka,100,RU,1632186327,51,50.6803,47.4454,54.55,16.6
470,merate,62,IT,1632186328,90,45.6987,9.4117,58.35,2.68
471,morehead,75,US,1632186328,94,37.2711,-87.1764,73.11,5.75
472,lavrentiya,45,RU,1632186329,58,65.5833,-171.0,36.7,5.28
473,hendek,83,TR,1632186329,54,40.7994,30.7481,59.32,4.14
474,awbari,0,LY,1632186330,19,26.5921,12.7805,80.26,7.05
475,gairo,0,IT,1632186330,62,39.8497,9.5047,58.55,3.98
476,kristiinankaupunki,0,FI,1632186330,87,62.2743,21.376,38.1,7.99
477,maloy,36,NO,1632186331,86,61.9353,5.1136,51.53,24.27
478,hirara,20,JP,1632186331,76,24.8,125.2833,83.5,7.09
479,ankang,0,CN,1632186332,74,32.68,109.0172,69.49,2.33
480,kunming,5,CN,1632186332,79,25.0389,102.7183,64.04,2.35
481,ewa beach,20,US,1632186333,43,21.3156,-158.0072,89.55,12.66
482,kashi,0,CN,1632186333,17,39.4547,75.9797,68.2,5.66
483,greenville,40,US,1632186257,73,35.6127,-77.3663,75.13,5.75
484,kahului,40,US,1632186334,45,20.8947,-156.47,87.82,21.85
485,taoudenni,0,ML,1632186334,9,22.6783,-3.9836,95.79,11.63
486,launceston,40,AU,1632186335,50,-41.45,147.1667,51.44,4.61
487,vangaindrano,95,MG,1632186335,90,-23.35,47.6,66.15,5.86
488,koshurnikovo,94,RU,1632186336,90,54.1667,93.3,36.93,4.07
489,tuatapere,100,NZ,1632186336,94,-46.1333,167.6833,46.24,3.62
490,naryan-mar,100,RU,1632186336,84,67.6713,53.087,39.99,13.02
491,araouane,0,ML,1632186337,13,18.9048,-3.5265,95.36,6.04
492,atyrau,40,KZ,1632186337,48,47.1167,51.8833,62.62,22.37
493,ambilobe,0,MG,1632186338,78,-13.2,49.05,65.68,5.32
494,aktau,98,KZ,1632186338,42,43.65,51.2,63.18,15.37
495,tombouctou,0,ML,1632186338,12,20.0,-3.0,92.77,3.89
496,le mars,1,US,1632186339,82,42.7942,-96.1656,60.78,6.91
497,maceio,0,BR,1632186339,94,-9.6658,-35.7353,72.84,3.44
498,tuy hoa,100,VN,1632186054,83,13.0833,109.3,79.05,5.75
499,nam som,93,TH,1632186340,90,17.7704,102.1895,78.1,4.59
500,atambua,85,ID,1632186340,42,-9.1061,124.8925,83.16,4.72
501,coahuayana,43,MX,1632186341,87,18.7333,-103.6833,83.68,2.64
502,sangar,46,RU,1632186341,72,63.9242,127.4739,40.23,2.89
503,qinzhou,1,CN,1632186341,76,21.95,108.6167,83.59,1.45
504,zatreni,11,RO,1632186342,89,44.7667,23.85,49.44,1.12
505,cervo,36,ES,1632186342,82,43.6702,-7.4101,62.53,11.86
506,inuvik,100,CA,1632186343,68,68.3499,-133.7218,42.57,16.93
507,ahuimanu,75,US,1632186343,54,21.4447,-157.8378,89.31,12.66
508,shingu,99,JP,1632186344,80,33.7333,135.9833,74.01,9.91
509,saint anthony,90,US,1632186344,78,45.0205,-93.218,62.53,12.66
510,ambovombe,0,MG,1632186344,82,-25.1667,46.0833,62.78,7.09
511,vetralla,43,IT,1632186345,97,42.3098,12.0784,61.66,4.12
512,raahe,26,FI,1632186345,86,64.6833,24.4833,33.89,10.83
513,benguela,99,AO,1632186345,87,-12.5763,13.4055,70.52,4.25
514,pokhara,66,NP,1632186346,88,28.2333,83.9833,70.25,1.63
515,havelock,100,US,1632186346,78,34.8791,-76.9013,76.98,7.65
516,sciacca,70,IT,1632186347,55,37.5082,13.0881,75.78,3.8
517,muravlenko,100,RU,1632186347,98,63.7898,74.523,33.8,12.53
518,baykit,100,RU,1632186348,86,61.67,96.37,38.53,5.59
519,gimli,100,CA,1632186348,56,50.6336,-96.9907,56.91,16.98
520,balad,0,IQ,1632186160,26,34.0164,44.1453,81.86,10.63
521,detchino,100,RU,1632186349,96,54.8092,36.3075,45.05,11.18
522,tazovskiy,96,RU,1632186349,85,67.4667,78.7,31.96,14.03
523,galesong,100,ID,1632186349,72,-5.3166,119.3661,78.82,4.83
524,saint-augustin,22,CA,1632186350,60,51.226,-58.6502,50.04,11.52
525,chernyshevskiy,100,RU,1632186350,71,63.0128,112.4714,38.82,12.21
526,silver city,1,US,1632186351,24,32.7701,-108.2803,76.96,10.36
527,escanaba,90,US,1632186351,88,45.7453,-87.0646,70.23,12.66
528,timra,90,SE,1632186352,93,62.487,17.3257,40.71,2.3
529,artyom,0,AZ,1632186353,78,40.4723,50.333,69.94,13.33
530,chokwe,5,MZ,1632186353,58,-24.5333,32.9833,67.33,5.37
531,grand-santi,100,GF,1632186353,84,4.25,-54.3833,75.25,2.59
532,nanakuli,20,US,1632186354,45,21.3906,-158.1547,89.55,12.66
533,protivin,100,CZ,1632186354,61,49.1995,14.2172,49.86,0.67
534,darfield,23,GB,1632186355,83,53.5339,-1.376,53.83,5.48
535,kenai,1,US,1632186355,50,60.5544,-151.2583,55.45,17.27
536,honiara,16,SB,1632186355,65,-9.4333,159.95,86.9,9.37
537,kongsberg,100,NO,1632186356,92,59.6652,9.6465,49.06,4.12
538,blackwater,4,AU,1632186356,22,-23.5833,148.8833,75.49,21.56
539,bengkulu,86,ID,1632186356,83,-3.8004,102.2655,78.15,3.18
540,noumea,11,NC,1632186357,53,-22.2763,166.4572,82.38,4.12
541,nhulunbuy,20,AU,1632186357,54,-12.2333,136.7667,86.61,19.57
542,centralina,19,BR,1632186358,22,-18.5839,-49.1994,85.44,3.13
543,tokur,76,RU,1632186358,74,53.1333,132.9,51.33,2.71
544,beloha,0,MG,1632186359,72,-25.1667,45.05,62.47,7.56
545,karla,0,EE,1632186231,76,59.3723,24.9275,44.56,3.44
546,katherine,74,AU,1632186359,31,-14.4667,132.2667,89.92,18.41
547,oranjemund,3,NA,1632186360,74,-28.55,16.4333,54.43,14.83
548,inirida,100,CO,1632186360,95,3.8653,-67.9239,74.75,2.39
549,tomatlan,38,MX,1632186361,90,19.9333,-105.25,76.91,1.61
550,surt,0,LY,1632186361,47,31.2089,16.5887,82.74,11.7
551,tshikapa,100,CD,1632186361,49,-6.4167,20.8,74.7,0.87
552,salisbury,64,GB,1632186362,87,51.0693,-1.7957,48.58,5.01
553,swan river,24,CA,1632186362,50,52.1058,-101.2676,51.35,10.02
554,palembang,20,ID,1632186363,89,-2.9167,104.7458,78.89,5.75
